[{"id":"DEBUG-1","content":"Take screenshot of deployed application to see login page state and console errors","status":"completed","priority":"high"},{"id":"DEBUG-2","content":"Review authentication flow code in App.tsx","status":"completed","priority":"high"},{"id":"DEBUG-3","content":"Check backend API endpoints and database schema","status":"completed","priority":"high"},{"id":"DEBUG-4","content":"Deploy backend to Cloudflare Workers","status":"completed","priority":"high"},{"id":"DEBUG-5","content":"Rebuild frontend and verify","status":"completed","priority":"high"},{"id":"DEBUG-6","content":"Verify deployment environment and accessibility","status":"in_progress","priority":"high"}]